{"semeval": [0.0, 0.08695652173913043, 0.08771929824561403, 0.22058823529411764, 0.2807017543859649, 0.4025974025974026, 0.45614035087719296, 0.46938775510204084, 0.5531914893617021, 0.7222222222222222], "krapivin": [0.06349206349206349, 0.027972027972027972, 0.12429378531073447, 0.14210526315789473, 0.2096069868995633, 0.19718309859154928, 0.29850746268656714, 0.2982456140350877, 0.3028169014084507, 0.07239819004524888], "inspec": [0.015267175572519083, 0.0407673860911271, 0.13405797101449277, 0.25311203319502074, 0.3087719298245614, 0.4181184668989547, 0.3848797250859107, 0.44528301886792454, 0.5056179775280899, 0.3159851301115242], "kp20k": [0.049626467449306294, 0.07648676521141286, 0.12968089756666182, 0.1633947079624436, 0.1970433373835561, 0.23570564864397997, 0.2877347371729394, 0.3528941477454429, 0.4212498828820388, 0.5197828350438792]}