{"inspec": [0.06981519507186858, 0.15126050420168066, 0.3626062322946176, 0.554006968641115, 0.685459940652819, 0.7254901960784313, 0.7681159420289855, 0.7745098039215687, 0.8488372093023255, 1.0], "krapivin": [0.14, 0.15480427046263345, 0.17142857142857143, 0.3123543123543124, 0.3403693931398417, 0.4375, 0.47596153846153844, 0.5367647058823529, 0.6984126984126984, 0.7647058823529411], "semeval": [0.21739130434782608, 0.2072072072072072, 0.30985915492957744, 0.42857142857142855, 0.5357142857142857, 0.6338028169014085, 0.43478260869565216, 0.6739130434782609, 0.5333333333333333, 1.0], "kp20k": [0.10062222222222222, 0.13860916952967658, 0.21445190454031776, 0.2804335343095033, 0.3354796320630749, 0.3631834676179347, 0.4238085769205276, 0.4947755995621455, 0.6135123793537558, 0.730999146029035]}
