{"semeval": [0.25, 0.24731182795698925, 0.26229508196721313, 0.38333333333333336, 0.4722222222222222, 0.5268817204301075, 0.5342465753424658, 0.5882352941176471, 0.56, 1.0], "inspec": [0.08767123287671233, 0.16237623762376238, 0.29473684210526313, 0.36486486486486486, 0.5460992907801419, 0.6950904392764858, 0.75, 0.7719298245614035, 0.8, 0.96], "krapivin": [0.15037593984962405, 0.1575492341356674, 0.1926829268292683, 0.24444444444444444, 0.30218068535825543, 0.37, 0.4503105590062112, 0.47150259067357514, 0.6590909090909091, 0.6842105263157895], "kp20k": [0.11576460481099657, 0.15510597302504817, 0.22265382224984462, 0.26027622492601116, 0.29278445883441256, 0.3265966046887631, 0.3782311471907712, 0.43986344537815125, 0.5752293577981651, 0.7220939183987682]}