{"semeval": [0.17391304347826086, 0.13513513513513514, 0.2535211267605634, 0.38961038961038963, 0.4880952380952381, 0.6056338028169014, 0.41304347826086957, 0.6739130434782609, 0.5333333333333333, 1.0], "krapivin": [0.06666666666666667, 0.10676156583629894, 0.12527472527472527, 0.22377622377622378, 0.2796833773087071, 0.375, 0.41346153846153844, 0.47794117647058826, 0.6507936507936508, 0.7058823529411765], "inspec": [0.059548254620123205, 0.1411764705882353, 0.3371104815864023, 0.49825783972125437, 0.5934718100890207, 0.6638655462184874, 0.6666666666666666, 0.6764705882352942, 0.7558139534883721, 0.8636363636363636], "kp20k": [0.06915555555555555, 0.09530861272361095, 0.16286644951140064, 0.2198535745047373, 0.27135348226018396, 0.30530782950980995, 0.3582554517133956, 0.42531595183600357, 0.5465799412505246, 0.6549957301451751]}