{"semeval": [1.0, 0.0, 0.17777777777777778, 0.3125, 0.2962962962962963, 0.23529411764705882, 0.44, 0.34285714285714286, 0.46875, 0.475, 0.6, 0.4716981132075472, 0.6097560975609756, 0.4375, 0.56, 0.6153846153846154, 0.5833333333333334, 0.0, 1.0, NaN], "inspec": [0.0945945945945946, 0.08294930875576037, 0.14339622641509434, 0.18333333333333332, 0.29357798165137616, 0.2962962962962963, 0.3576158940397351, 0.3724137931034483, 0.45384615384615384, 0.625, 0.6767676767676768, 0.7142857142857143, 0.7614213197969543, 0.7365269461077845, 0.7791411042944786, 0.7622950819672131, 0.7792207792207793, 0.8421052631578947, 0.9565217391304348, 1.0], "krapivin": [0.25, 0.13675213675213677, 0.14035087719298245, 0.17467248908296942, 0.18061674008810572, 0.20765027322404372, 0.22099447513812154, 0.2681564245810056, 0.27439024390243905, 0.33121019108280253, 0.3333333333333333, 0.4, 0.41414141414141414, 0.5080645161290323, 0.43103448275862066, 0.5324675324675324, 0.6440677966101694, 0.6896551724137931, 0.625, 1.0], "kp20k": [0.13598326359832635, 0.11054054054054054, 0.13287692547067062, 0.17532191877741615, 0.22107468941775182, 0.22435793894362785, 0.24962754510842575, 0.2707822962600033, 0.27583503214677746, 0.30917361637604246, 0.3098770665536244, 0.3397378942692137, 0.36044439786185933, 0.3967113143852771, 0.4188487850908233, 0.46624222682854605, 0.553835327234342, 0.6152832674571805, 0.7136150234741784, 0.7606837606837606]}