{"model_type": "scibert-scivocab-uncased", "lang": "en", "bert_exhird_present": 0.5883196421917223, "bert_exhird_absent": 0.16035908340543836, "bert_t5_present": 0.5872553807111803, "bert_t5_absent": 0.18677623579759375}