{"model_type": "scibert-scivocab-uncased", "lang": "en", "bert_exhird_present": 0.48135942934622655, "bert_exhird_absent": 0.1783777035391709, "bert_t5_present": 0.4808991832395468, "bert_t5_absent": 0.1731918441608327}