{"model_type": "scibert-scivocab-uncased", "lang": "en", "bert_exhird_present": 0.5032402709002503, "bert_exhird_absent": 0.2405633585029117, "bert_t5_present": 0.50135063434542, "bert_t5_absent": 0.23216573342493843}