{"model_type": "scibert-scivocab-uncased", "lang": "en", "bert_exhird_present": 0.5884494246452773, "bert_exhird_absent": 0.17320173952674522, "bert_t5_present": 0.5888477940732224, "bert_t5_absent": 0.18242840266198754}