{"model_type": "scibert-scivocab-uncased", "lang": "en", "bert_exhird_present": 0.5719519278697055, "bert_exhird_absent": 0.2530739966092609, "bert_t5_present": 0.5498547018731942, "bert_t5_absent": 0.21204194655890662}