{"model_type": "scibert-scivocab-uncased", "lang": "en", "bert_exhird_present": 0.4699934081162989, "bert_exhird_absent": 0.24267855585595322, "bert_t5_present": 0.4401797402595832, "bert_t5_absent": 0.19859479257840726}