{"semeval": [0.1736842105263158, 0.2214765100671141, 0.1487603305785124, 0.18548387096774194, 0.17796610169491525, 0.2375, 0.29914529914529914, 0.2696629213483146, 0.2857142857142857, 0.5428571428571428], "krapivin": [0.1095890410958904, 0.14, 0.1303370786516854, 0.13258426966292136, 0.17256637168141592, 0.17929292929292928, 0.2132701421800948, 0.20902612826603326, 0.24579124579124578, 0.32407407407407407], "inspec": [0.2658772874058127, 0.30297397769516726, 0.3405639913232104, 0.33849129593810445, 0.3831041257367387, 0.3574660633484163, 0.40652173913043477, 0.4152542372881356, 0.4702842377260982, 0.4778761061946903], "kp20k": [0.09290984119044642, 0.10369883662505315, 0.11080062661416656, 0.12389300149870566, 0.12895547465695884, 0.14676678357950895, 0.16115659109991604, 0.17862758310871518, 0.20650172612197928, 0.26435634150979276]}