{"inspec": [0.015891542467229305, 0.0256797583081571, 0.026, 0.015151515151515152, 0.0176678445229682, 0.03225806451612903, 0.008771929824561403, 0.0594059405940594, 0.06451612903225806, 0.0], "krapivin": [0.02997275204359673, 0.020869565217391306, 0.035211267605633804, 0.020710059171597635, 0.029288702928870293, 0.05, 0.06086956521739131, 0.06578947368421052, 0.02127659574468085, 0.0], "semeval": [0.034009873834339004, 0.05128205128205128, 0.0673076923076923, 0.058823529411764705, 0.1, 0.043478260869565216, 0.0, 0.14285714285714285, 0.0, 0.0], "kp20k": [0.04052329291640076, 0.04749157559915598, 0.0519158919106786, 0.056696619597774923, 0.061825605132691745, 0.06175193305793878, 0.06833256208545427, 0.06750871080139373, 0.059114927344782034, 0.04682926829268293]}