{"semeval": [0.0, 0.0, 0.0273972602739726, 0.08450704225352113, 0.10843373493975904, 0.17857142857142858, 0.29473684210526313, 0.3764705882352941, 0.5510204081632653, 0.6530612244897959], "krapivin": [0.0, 0.031578947368421054, 0.029787234042553193, 0.06909090909090909, 0.07421875, 0.13166144200626959, 0.2375366568914956, 0.31088082901554404, 0.4140845070422535, 0.54], "inspec": [0.0, 0.013422818791946308, 0.065, 0.07352941176470588, 0.11029411764705882, 0.22556390977443608, 0.3368421052631579, 0.411214953271028, 0.4739454094292804, 0.5244444444444445], "kp20k": [0.0, 0.012012012012012012, 0.025977552498189716, 0.047573103755380736, 0.08335927770859278, 0.12285980371086754, 0.18431805632247378, 0.24225806451612902, 0.33369436786136275, 0.5418958497035502]}