{"model_type": "scibert-scivocab-uncased", "lang": "en", "bert_present": 0.5129256613541303, "bert_absent": 0.11872082083506946, "ter_present": 0.4061321307294848, "ter_absent": 0.06860993346623899}