{"model_type": "roberta-large", "lang": "en", "bert_present": 0.4444530936278699, "bert_absent": 0.11759218876107078, "ter_present": 0.39572917297293947, "ter_absent": 0.07676859891914067}