{"inspec": [0.07272727272727272, 0.116991643454039, 0.1289308176100629, 0.19852941176470587, 0.1760299625468165, 0.2204724409448819, 0.29375, 0.3952802359882006, 0.4231678486997636, 0.497164461247637], "krapivin": [0.06521739130434782, 0.14487632508833923, 0.10820895522388059, 0.11952191235059761, 0.20346320346320346, 0.19753086419753085, 0.20306513409961685, 0.28169014084507044, 0.3157894736842105, 0.47619047619047616], "semeval": [0.18421052631578946, 0.17105263157894737, 0.22807017543859648, 0.23529411764705882, 0.1875, 0.2876712328767123, 0.35294117647058826, 0.4444444444444444, 0.41904761904761906, 0.6055045871559633], "kp20k": [0.15890567113137646, 0.13347645839502517, 0.1387234756353267, 0.15861534487212606, 0.16389650445510623, 0.19599001529913843, 0.21373878801137608, 0.24515226651408226, 0.29691647947723093, 0.4493774631186133]}