{"model_type": "scibert-scivocab-uncased", "lang": "en", "bert_present": 0.5083893718530684, "bert_absent": 0.14641414677251807, "ter_present": 0.39572917297293947, "ter_absent": 0.07676859891914067}