{"model_type": "roberta-large", "lang": "en", "bert_present": 0.4498237843310614, "bert_absent": 0.057028544504297195, "ter_present": 0.39522549402960216, "ter_absent": 0.04264707070707071}