{"model_type": "scibert-scivocab-uncased", "lang": "en", "bert_present": 0.5003261224079693, "bert_absent": 0.11979325451449829, "ter_present": 0.3694458820595469, "ter_absent": 0.04951482930554138}