{"model_type": "scibert-scivocab-uncased", "lang": "en", "bert_present": 0.5215663815609006, "bert_absent": 0.1029876296428095, "ter_present": 0.39522549402960216, "ter_absent": 0.04264707070707071}