{"model_type": "microsoft/deberta-large-mnli", "lang": "en", "bert_present": 0.37020243596158975, "bert_absent": 0.04287746110008271, "ter_present": 0.3694458820595469, "ter_absent": 0.04951482930554138}