{"model_type": "roberta-large", "lang": "en", "bert_present": 0.4671276307259241, "bert_absent": 0.09322267059960558, "ter_present": 0.3694458820595469, "ter_absent": 0.04951482930554138}