{"model_type": "roberta-large", "lang": "en", "bert_present": 0.45447858555952253, "bert_absent": 0.08573898860871763, "ter_present": 0.4061321307294848, "ter_absent": 0.06860993346623899}