{"semeval": [0.0, 0.11363636363636363, 0.1746031746031746, 0.1951219512195122, 0.2926829268292683, 0.29850746268656714, 0.4358974358974359, 0.2571428571428571, 0.3793103448275862, 0.2], "krapivin": [0.05084745762711865, 0.09913793103448276, 0.09523809523809523, 0.1708185053380783, 0.20666666666666667, 0.23140495867768596, 0.3128834355828221, 0.2357142857142857, 0.25, 0.12269938650306748], "inspec": [0.0625, 0.1318051575931232, 0.22580645161290322, 0.3333333333333333, 0.33, 0.3142857142857143, 0.3804878048780488, 0.325, 0.3037037037037037, 0.05789473684210526], "kp20k": [0.07608286252354049, 0.10754105007095074, 0.12035907268607286, 0.15388318356867778, 0.19117410210984057, 0.22227801489664406, 0.2627406568516421, 0.2831946755407654, 0.3059386433999437, 0.1715152783591461]}