{"t5": {"kp20k": {"0.75": {"present_precision_5R": 0.26860257781849733, "present_recall_5R": 0.44798740836186307, "macro_present_F1_5R": 0.33584218322006515, "absent_precision_5R": 0.013286463905445746, "absent_recall_5R": 0.031002423601384315, "macro_absent_F1_5R": 0.018601170873737048, "present_precision_10R": 0.1460797799174481, "present_recall_10R": 0.46400431548006155, "macro_present_F1_10R": 0.22220427904093903, "absent_precision_10R": 0.006643231952722873, "absent_recall_10R": 0.031002423601384315, "macro_absent_F1_10R": 0.010941835813407474, "present_precision_M": 0.3293008489286517, "present_recall_M": 0.4705898653296761, "macro_present_F1_M": 0.38746703615373, "absent_precision_M": 0.04397235383021728, "absent_recall_M": 0.031002423601384315, "macro_absent_F1_M": 0.03636555083976136}}}, "exhird": {"kp20k": {"0.75": {"present_precision_5R": 0.2440511406367179, "present_recall_5R": 0.4157670616149344, "macro_present_F1_5R": 0.3075647967274525, "absent_precision_5R": 0.011551767360240457, "absent_recall_5R": 0.026886119367944307, "macro_absent_F1_5R": 0.01616021184278125, "present_precision_10R": 0.12631235898719662, "present_recall_10R": 0.42307726784972594, "macro_present_F1_10R": 0.19454276209630617, "absent_precision_10R": 0.005775883680120228, "absent_recall_10R": 0.026886119367944307, "macro_absent_F1_10R": 0.009508975787587288, "present_precision_M": 0.3339163652425013, "present_recall_M": 0.42307726784972594, "macro_present_F1_M": 0.37324600187197854, "absent_precision_M": 0.04215342191025324, "absent_recall_M": 0.026886119367944307, "macro_absent_F1_M": 0.03283167623259667}}}}