{"semeval": [0.11567164179104478, 0.1048951048951049, 0.14838709677419354, 0.14383561643835616, 0.17592592592592593, 0.12403100775193798, 0.1592356687898089, 0.2111801242236025, 0.2222222222222222, 0.24], "krapivin": [0.048304213771839674, 0.0840630472854641, 0.08860759493670886, 0.07756813417190776, 0.10023310023310024, 0.11560693641618497, 0.12418300653594772, 0.11491935483870967, 0.11553784860557768, 0.17369727047146402], "inspec": [0.19839449541284404, 0.2556732223903177, 0.3001531393568147, 0.25732899022801303, 0.3127208480565371, 0.3263473053892216, 0.3415841584158416, 0.34348561759729274, 0.3738656987295826, 0.37898089171974525], "kp20k": [0.0415486864873368, 0.053374151470783976, 0.06257143910622764, 0.07019276491459088, 0.0713803703981405, 0.08380491437081161, 0.08959644576082933, 0.09617215768425062, 0.09933142311365807, 0.10055511498810468]}