{"model_type": "scibert-scivocab-uncased", "lang": "en", "bert_exhird_present": 0.2957229495181149, "bert_exhird_absent": 0.052292276895852, "bert_t5_present": 0.28550323857121057, "bert_t5_absent": 0.057419645623404486}