{"model_type": "bert-base-uncased", "lang": "en", "bert_exhird_present": 0.19890889707622236, "bert_exhird_absent": 0.02278092805218119, "bert_t5_present": 0.19318407390857256, "bert_t5_absent": 0.023347197586641416}