{"model_type": "scibert-scivocab-uncased", "lang": "en", "bert_exhird_present": 0.5275878671767628, "bert_exhird_absent": 0.12768284717796596, "bert_t5_present": 0.48973887600945365, "bert_t5_absent": 0.11737106309746186}