{"inspec": [0.08333333333333333, 0.04430379746835443, 0.09361702127659574, 0.15073529411764705, 0.2588996763754045, 0.30914826498422715, 0.4306784660766962, 0.453781512605042, 0.5280898876404494, 0.3287671232876712], "krapivin": [0.0, 0.05405405405405406, 0.0546875, 0.10869565217391304, 0.1643835616438356, 0.21161825726141079, 0.22641509433962265, 0.27873563218390807, 0.3100558659217877, 0.0855222968845449], "semeval": [0.0, 0.10256410256410256, 0.10714285714285714, 0.13043478260869565, 0.23170731707317074, 0.29292929292929293, 0.358695652173913, 0.3561643835616438, 0.5208333333333334, 0.3953488372093023], "kp20k": [0.08284023668639054, 0.058541595344060254, 0.07148383103821755, 0.10141590882928514, 0.13458409112663922, 0.1848113434270608, 0.23974721874794286, 0.3054390934844193, 0.386124022219703, 0.4788647342995169]}