{"kp20k": [0.02535910622450789, 0.06496217062353248, 0.10245155764907397, 0.14921815408085431, 0.18871282094737735, 0.239880059970015, 0.2900812312954254, 0.3458929917106255, 0.4152077807250221, 0.47058168041007353], "inspec": [0.03571428571428571, 0.09578544061302682, 0.15210355987055016, 0.23529411764705882, 0.3367003367003367, 0.38870431893687707, 0.3980263157894737, 0.46099290780141844, 0.5117370892018779, 0.2631578947368421], "krapivin": [0.031578947368421054, 0.06707317073170732, 0.09090909090909091, 0.15668202764976957, 0.22676579925650558, 0.2815126050420168, 0.208955223880597, 0.3054545454545455, 0.33852140077821014, 0.05584415584415584], "semeval": [0.03571428571428571, 0.11764705882352941, 0.14814814814814814, 0.14634146341463414, 0.313953488372093, 0.3902439024390244, 0.4794520547945205, 0.275, 0.5588235294117647, 0.3793103448275862]}